Artist,Tagline,Date,Start Time,End Time,Stage,Genre,Country,Bio,Website,Spotify,YouTube,Instagram,Photo URL,AI Summary,AI Rating,Number of People in Act,Gender of Front Person,Front Person of Color?,Cancelled,Festival URL,Festival Bio (NL),Festival Bio (EN),Social Links,Images Scraped
Volbeat,"Metal meets melody, ignites rebellion.",,,,,Heavy Metal/Hard Rock,Denmark,"Volbeat is a Danish rock band formed in 2001, known for their unique blend of heavy metal, rockabilly, and punk rock influences. They have achieved international success with albums like 'Outlaw Gentlemen & Shady Ladies' and 'Seal the Deal & Let's Boogie,' earning multiple awards and Grammy nominations.",,,,,,"Volbeat's distinctive sound combines the aggression of heavy metal with the melodic sensibilities of rockabilly and punk, creating a genre-defying style. Their energetic live performances and chart-topping albums have solidified their reputation as one of the most innovative and successful modern rock bands.",9,4,Male,No,,https://bospopfestival.nl/artiest/volbeat/,"YEAAAHHHH: Volbeat komt naar Bospop! De Deense rockband, opgericht in 2001, speelt een mix van heavy metal, rockabilly en hardrock. Met acht studioalbums (and still counting!) speelt Volbeat al jaren een dominante rol in de Rock- en Heavymetal scene. Catchy melodieën ondersteund door overdonderende metalriffs geven deze band zijn unieke en vernieuwende sound. Of je het nu ‘Elvis-metal’ noemt of ‘Johnny Cash on steroids’, één ding is zeker: een Volbeat show moet je gewoon een keer meegemaakt hebben. Het is dan ook geen wonder dat de band erg geliefd is in Nederland: de afgelopen jaren speelden ze de Ziggo Dome, Rotterdam Ahoy en GelreDome al plat. Hoog tijd voor een snoeihard debuut in Weert.","YEAAAHHHH: Volbeat is coming to Bospop! The Danish rock band, founded in 2001, plays a mix of heavy metal, rockabilly, and hard rock. With eight studio albums (and still counting!), Volbeat has been a dominant force in the Rock and Heavy Metal scene for years. Catchy melodies supported by thunderous metal riffs give this band its unique and innovative sound. Whether you call it 'Elvis metal' or 'Johnny Cash on steroids,' one thing is certain: you simply have to experience a Volbeat show at least once. It's no wonder the band is hugely popular in the Netherlands: in recent years, they've rocked the Ziggo Dome, Rotterdam Ahoy, and GelreDome to the ground. High time for a hard-hitting debut in Weert.",,Yes
Within Temptation,"Epic symphonies, unleashed in metal.",,,,,Symphonic Metal/Gothic Metal,Netherlands,"Within Temptation is a Dutch symphonic metal band formed in 1996, known for their fusion of heavy guitar riffs, orchestral arrangements, and the powerful vocals of lead singer Sharon den Adel. They have achieved international success with albums like 'Mother Earth' and 'The Unforgiving,' and are recognized as one of the leading bands in the symphonic metal genre.",,,,,,"Within Temptation combines symphonic and gothic metal with cinematic orchestration and Sharon den Adel's soaring, emotive vocals, creating a dramatic and atmospheric sound. Their ability to blend heavy metal with classical influences has earned them critical acclaim and a dedicated global fanbase.",9,6,Female,No,,https://bospopfestival.nl/artiest/within-temptation/,"Within Temptation behoort tot de absolute top van de Europese festivals. Met hun overweldigende symfonische rock, ijzersterke hooks en de iconische stem van Sharon den Adel levert de band steevast shows die voelen als een film in volle versnelling. Hun nieuwste album ‘Bleed Out’(2023) luidde een gedurfd nieuw tijdperk in, met krachtige songs over verzet, vrijheid en menselijkheid. In 2025 stal de band opnieuw de spotlight met explosieve optredens op o.a. Download, Wacken en Hellfest, én met een indrukwekkende samenwerking met de Oekraïense zangeres Jerry Heil. Met miljoenen verkochte albums, meerdere awards en arenatours op hun naam blijft Within Temptation een van de meest gewaardeerde rockbands van de afgelopen 25 jaar – niet alleen binnen Nederland, maar wereldwijd.","Within Temptation ranks among the absolute top of European festivals. With their overwhelming symphonic rock, powerful hooks, and the iconic voice of Sharon den Adel, the band consistently delivers performances that feel like a movie in overdrive. Their latest album, ‘Bleed Out’ (2023), marked a bold new era, featuring powerful songs about resistance, freedom, and humanity. In 2025, the band once again stole the spotlight with explosive performances at festivals such as Download, Wacken, and Hellfest, as well as an impressive collaboration with Ukrainian singer Jerry Heil. With millions of albums sold, multiple awards, and arena tours to their name, Within Temptation remains one of the most celebrated rock bands of the past 25 years—not just in the Netherlands, but worldwide.",,Yes
Airbourne,"High-voltage anthems, born to rock.",,,,,Hard Rock,Australia,"Airbourne is an Australian hard rock band known for their high-energy performances and classic rock-inspired sound, drawing comparisons to bands like AC/DC. Since their formation in 2003, they have released several successful albums, including 'Runnin' Wild' and 'No Guts. No Glory.', and have built a reputation as a powerful live act.",,,,,,"Airbourne delivers a raw, electrifying hard rock sound heavily influenced by AC/DC, with driving riffs, anthemic choruses, and a relentless energy that has earned them a dedicated global fanbase and acclaim for their live performances.",8,4,Male,No,,https://bospopfestival.nl/artiest/airbourne/,"Airbourne maakt rock zoals alleen Australiërs dat kunnen: hard, honkvast en zonder omwegen. Sinds de broers Joel en Ryan O’Keeffe de band in 2003 begonnen, is Airbourne uitgegroeid tot een wereldwijde live-sensatie, goed voor meer dan 1100 shows en passages op festivals als Wacken, Download, Hellfest en Rock am Ring. Met albums als ‘Runnin’ Wild‘, ‘No Guts. No Glory.‘ en ‘Breakin’ Outta Hell‘ knalden ze wereldwijd de hitlijsten in en wonnen ze de Classic Rock Award voor Best Live Band. Hun sound ademt de geest van AC/DC en Motörhead, maar altijd met hun eigen onverzettelijke drive. Verwacht vuur, volume en pure hardrock-euforie: Airbourne komt niet om te fluisteren, maar om te vlammen.","Airbourne makes rock like only Australians can: hard, steadfast, and straight to the point. Since brothers Joel and Ryan O’Keeffe started the band in 2003, Airbourne has grown into a global live sensation, racking up more than 1,100 shows and appearances at festivals like Wacken, Download, Hellfest, and Rock am Ring. With albums like ‘Runnin’ Wild,’ ‘No Guts. No Glory.,’ and ‘Breakin’ Outta Hell,’ they’ve stormed charts worldwide and won the Classic Rock Award for Best Live Band. Their sound channels the spirit of AC/DC and Motörhead, but always with their own relentless drive. Expect fire, volume, and pure hard rock euphoria: Airbourne isn’t here to whisper, they’re here to ignite.",,Yes
Floor Jansen,Symphonic Metal’s Soaring Valkyrie Voice,,,,,Symphonic Metal/Progressive Metal,Netherlands,"Floor Jansen is a Dutch singer and songwriter best known as the lead vocalist of the symphonic metal band Nightwish. Renowned for her powerful and versatile voice, she has also fronted the bands After Forever and ReVamp, earning critical acclaim for her dynamic performances and contributions to the metal genre.",,,,,,Floor Jansen's commanding vocal range and ability to seamlessly blend operatic and rock styles have made her a standout figure in symphonic and progressive metal. Her work with Nightwish and other projects has solidified her reputation as one of the genre's most influential and talented vocalists.,9,,Female,No,,https://bospopfestival.nl/artiest/floor-jansen/,"Van haar pionierswerk met ‘After Forever’tot de wereldwijde hoogtepunten met Nightwish: Floor Jansen’s grootse stem en emotionele diepgang trekken miljoenen fans. In 2019 brak ze solo door dankzij haar deelname aan De Beste Zangers, gevolgd door de Popprijs en een razendsnel uitverkochte eerste solotour. In 2023 bracht ze haar eerste soloalbum PARAGON uit en tourde ze door Europa. Floor brengt moeiteloos de meest uiteenlopende genres samen. In 2025 stond ze zowel op grote metalfestivals, waaronder Wacken, als in een volledig uitverkochte Nederlandse theatertour, waarmee ze haar veelzijdigheid onderstreept.","From her pioneering work with ‘After Forever’ to the worldwide highlights with Nightwish: Floor Jansen’s powerful voice and emotional depth captivate millions of fans. In 2019, she broke through as a solo artist thanks to her participation in The Best Singers, followed by the Pop Award and a lightning-fast sold-out first solo tour. In 2023, she released her first solo album, PARAGON, and toured across Europe. Floor effortlessly blends the most diverse genres. In 2025, she performed at major metal festivals, including Wacken, as well as in a completely sold-out Dutch theater tour, showcasing her versatility.",,Yes
Steel Panther,"1980s glam metal, cranked to 11.",,,,,Glam Metal/Comedy Rock,USA,"Steel Panther is a satirical glam metal band from Los Angeles, known for their humorous lyrics, over-the-top stage presence, and nostalgic homage to 1980s hair metal. They have released multiple albums, including 'Feel the Steel' and 'Balls Out,' and are celebrated for their comedic take on rock and roll excess.",,,,,,"Steel Panther combines the flamboyant style of 1980s glam metal with comedic and often explicit lyrics, creating a unique niche that both parodies and celebrates the genre. Their energetic live shows and tongue-in-cheek approach have earned them a dedicated fanbase and critical recognition for their musicianship and humor.",8,4,Male,No,,https://bospopfestival.nl/artiest/steel-panther/,"Steel Panther ontstond in 2000 op de Sunset Strip en groeide uit tot hét ultieme heavy-metalfenomeen van deze eeuw. Met hun over-the-top humor, virtuoze spel en schaamteloze glam-metalattitude bliezen ze het genre nieuw leven in. Hun doorbraakalbum ‘Feel The Steel’(2009) zette de toon, met gastbijdragen van o.a. Corey Taylor (Slipknot, Stone Sour), M. Shadows (Avenged Sevenfold) en Scott Ian (Anthrax).Daarna volgden hits en cultfavorieten als ‘Balls Out’, ‘All You Can Eat’, ‘Lower The Bar’en ‘Heavy Metal Rules’.De band tourde met Aerosmith en Stone Sour en speelde op de grootste festivals plat. Met hun zesde album ‘On The Prowl’bewijzen Michael Starr, Satchel, Spyder en Stix Zadinia opnieuw dat echte glam-metal nooit sterft.","Steel Panther emerged in 2000 on the Sunset Strip and grew into the ultimate heavy metal phenomenon of this century. With their over-the-top humor, virtuosic playing, and shameless glam-metal attitude, they breathed new life into the genre. Their breakthrough album ‘Feel The Steel’ (2009) set the tone, featuring guest contributions from the likes of Corey Taylor (Slipknot, Stone Sour), M. Shadows (Avenged Sevenfold), and Scott Ian (Anthrax). This was followed by hits and cult favorites such as ‘Balls Out,’ ‘All You Can Eat,’ ‘Lower The Bar,’ and ‘Heavy Metal Rules.’ The band toured with Aerosmith and Stone Sour and rocked the biggest festivals. With their sixth album ‘On The Prowl,’ Michael Starr, Satchel, Spyder, and Stix Zadinia once again prove that true glam metal never dies.",,Yes
Biohazard,"Hardcore fusion, Brooklyn-born rebellion.",,,,,Hardcore punk/Metal,USA,"Biohazard is a Brooklyn-based band formed in 1987, known for pioneering the fusion of hardcore punk and heavy metal with elements of hip-hop. They gained recognition for their aggressive sound, socially conscious lyrics, and high-energy live performances, becoming influential in the crossover genre.",,,,,,"Biohazard's innovative blend of hardcore punk, heavy metal, and hip-hop set them apart as trailblazers in the crossover genre. Their raw energy, politically charged lyrics, and intense live shows have cemented their status as a seminal act in alternative heavy music.",8,4,Male,No,,https://bospopfestival.nl/artiest/biohazard/,"Biohazard is een pionier in het kruisen van hardcore, metal en hiphop – een explosieve mix die hen wereldwijd een cultstatus opleverde. De uit Brooklyn afkomstige band serveert een rauwe, straatgerichte energie die ongeëvenaard is. Hun teksten zijn sociaal geladen, hun riffs intens en hun liveshows pure chaos in de best mogelijke zin. Met klassiekers als ‘UrbanDiscipline‘ en ‘State of the World Address‘ zette Biohazard een nieuwe standaard neer voor crossover-metal. Een liveoptreden van Biohazard staat voor eerlijkheid, agressie en catharsis. Wie erbij is, vergeet het niet snel.","Biohazard is a pioneer in blending hardcore, metal, and hip-hop – an explosive mix that earned them a cult status worldwide. The Brooklyn-based band delivers a raw, street-driven energy that is unmatched. Their lyrics are socially charged, their riffs intense, and their live shows pure chaos in the best possible sense. With classics like ‘Urban Discipline’ and ‘State of the World Address,’ Biohazard set a new standard for crossover metal. A live performance by Biohazard stands for honesty, aggression, and catharsis. Those who witness it won’t forget it anytime soon.",,Yes
Parris,"Bass, texture, and boundless innovation.",,,,,Electronic/Experimental,UK,"Parris is a London-based electronic music producer known for blending elements of dubstep, techno, and experimental soundscapes. His work often explores minimalism and texture, earning critical acclaim for its innovative approach to genre boundaries.",,,,,,"Parris creates a distinctive sound by merging dubstep's bass-heavy roots with experimental and minimalist electronic textures, resulting in a forward-thinking and atmospheric style that has garnered praise for its originality.",8,,Male,Yes,,https://bospopfestival.nl/artiest/parris/,"Parris is de Nederlandse Thin Lizzy tribute die deze muzikale spirit levend wil houden. Ze onderscheiden zich door een grote hoeveelheid enthousiasme, energie en liefde voor deze muziek. De combinatie van muzikaal vakmanschap en een zanger die boven aan de lijst staat van verboden wapens is inmiddels zeer vruchtbaar gebleken. Parris heeft al meerdere malen ten tonele mogen verschijnen op The Vibe for Philo, hét Thin Lizzy event wereldwijd waar jaarlijks frontman Phil Lynott wordt herdacht. Daarnaast zijn ze te horen op het in 2001 uitgekomen dubbelalbum Tribute To The Black Rose, dat ook bijdragen bevat van leden van Uriah Heep en Nachman Turner Overdrive. Dichterbij Thin Lizzy kun je momenteel niet komen!","Parris is the Dutch Thin Lizzy tribute band dedicated to keeping this musical spirit alive. They stand out with their immense enthusiasm, energy, and love for this music. The combination of musical craftsmanship and a singer who ranks high on the list of forbidden weapons has proven to be highly fruitful. Parris has had the honor of performing multiple times at The Vibe for Philo, the ultimate Thin Lizzy event worldwide, held annually in memory of frontman Phil Lynott. Additionally, they can be heard on the 2001 double album Tribute To The Black Rose, which also features contributions from members of Uriah Heep and Bachman-Turner Overdrive. You can't get closer to Thin Lizzy than this!",,Yes
Bizkit Park,"Nu-metal chaos, nostalgia unleashed.",,,,,nu-metal,,"[using festival bio due to a lack of publicly available data] L-I-M-P Bizkit Park is right here! Bizkit Park delivers the ultimate tribute to nu-metal: energetic, absurd, extremely danceable, and fully dedicated to the glory days of one of the most illustrious subgenres in alternative music. Because let's be honest: what millennial isn't familiar with Fred Durst's middle finger, Chester Bennington's voice, or Corey Taylor's mask, with relentless riffs and pounding drums on the radio and TV every day? All the classics from this unparalleled era are featured in a whirlwind and seamless set. Limp Bizkit, Korn, System of a Down, Linkin Park, Slipknot, Papa Roach, Deftones, and many others... they all get their turn.",,,,,,,,,,,,https://bospopfestival.nl/artiest/bizkit-park/,"L-I-M-P Bizkit Park is right here!Bizkit Park brengt dé ultieme tribute aan nu-metal: energiek, absurd, extreem dansbaar en volledig toegewijd aan de gloriedagen van één van de meest illustere sub genres uit de alternatieve muziek. Want laten we eerlijk zijn: welke millennial is nu niet vertrouwd met de middelvinger van Fred Durst, de stem van Chester Bennington of het masker van Corey Taylor, en elke dag snoeiharde riffs en beukende drums op radio en tv? Alle classics uit dit weergaloze tijdperk passeren de revue in een wervelende en naadloze set. Limp Bizkit, Korn, System of a Down, Linkin Park, Slipknot, Papa Roach, Deftones, en vele anderen… ze moeten er allemaal aan geloven.","L-I-M-P Bizkit Park is right here! Bizkit Park delivers the ultimate tribute to nu-metal: energetic, absurd, extremely danceable, and fully dedicated to the glory days of one of the most illustrious subgenres in alternative music. Because let's be honest: what millennial isn't familiar with Fred Durst's middle finger, Chester Bennington's voice, or Corey Taylor's mask, accompanied by daily doses of crushing riffs and pounding drums on radio and TV? All the classics from this unparalleled era take the stage in a whirlwind and seamless set. Limp Bizkit, Korn, System of a Down, Linkin Park, Slipknot, Papa Roach, Deftones, and many others... they all get their turn.",,Yes
The Damn Truth,"Raw soul, roaring rock revival.",,,,,Rock/Blues Rock,Canada,"The Damn Truth is a Canadian rock band known for their powerful blend of classic rock and blues influences, combined with modern energy. They have gained recognition for their electrifying live performances and critically acclaimed albums like 'Devilish Folk' and 'Now or Nowhere.'",,,,,,"The Damn Truth delivers a raw and soulful rock sound, drawing from 70s classic rock and blues traditions while injecting a contemporary edge. Their high-energy performances and gritty, emotive vocals have earned them a reputation as a standout act in the modern rock scene.",8,4,Female,No,,https://bospopfestival.nl/artiest/the-damn-truth/,"The Damn Truth is dé Canadese rockband die momenteel het hardst door de UK en Europa raast. Met hun gewaagde, moderne heruitvinding van classic rock bouwde het viertal uit Montreal een reputatie op als een niet te stoppen live-machine. Hun nieuwe, titelloze vierde album markeert een volgende stap na jaren intensief touren. Met twee Top 40-rockhits (‘Love Outta Luck’en ‘I Just Gotta Let You Know’) klinkt de band gedurfder dan ooit: van de mystieke Zeppelin-vibe van ‘The Willow’tot de krachtige emotie van ‘Better This Way’en het vuist-in-de-lucht gehalte van ‘All Night Long’. Op het podium komt The Damn Truth volledig tot leven: luid, organisch, bezield en gemaakt voor zweterige festivalweides.","The Damn Truth is the Canadian rock band currently taking the UK and Europe by storm. With their bold, modern reinvention of classic rock, the Montreal quartet has built a reputation as an unstoppable live machine. Their new self-titled fourth album marks the next step after years of intense touring. With two Top 40 rock hits (""Love Outta Luck"" and ""I Just Gotta Let You Know""), the band sounds bolder than ever: from the mystical Zeppelin vibe of ""The Willow"" to the raw emotion of ""Better This Way"" and the fist-pumping energy of ""All Night Long."" On stage, The Damn Truth comes fully alive: loud, organic, soulful, and made for sweaty festival fields.",,Yes
Regressive Hypnosis,"Progressive dreams reimagined, octave by octave.",,,,,,,"[using festival bio due to a lack of publicly available data] Regressive Hypnosis has become one of Europe’s most active and precise Dream Theater tribute bands. Since their stage debut in 2023, the quintet has impressed audiences with stunning Images & Words shows, and now they present something unique: The Octavarium Concept. Not just an ordinary tribute, but a creative reinterpretation of Dream Theater’s 2005 masterpiece. Instead of playing the album in its entirety, the band constructs a set that follows the famous ascending key progression — from F to F — with carefully selected tracks that bring the circular musical journey to life once more. Expect breathtaking solos, technical perfection, and immersive visuals. For prog fans and newcomers alike, this is not just a concert but a complete musical experience that will resonate long after.",,,,,,,,5,,,,https://bospopfestival.nl/artiest/regressive-hypnosis/,"Regressive Hypnosis is uitgegroeid tot een van Europa’s meest actieve en nauwkeurige Dream Theater-tributebands. Sinds hun podiumdebuut in 2023 verraste het vijftal met indrukwekkende Images & Words-shows, en nu presenteren ze iets unieks: The Octavarium Concept. Geen gewone tribute, maar een creatieve herinterpretatie van Dream Theater’s meesterwerk uit 2005. In plaats van het album integraal te spelen, bouwt de band een set die de beroemde stijgende toonsoorten volgt — van F naar F — met zorgvuldig gekozen tracks die de cirkelvormige muzikale reis opnieuw tot leven brengen. Verwacht adembenemende solo’s, technische perfectie en meeslepende visuals. Voor progfans én nieuwkomers is dit geen concert, maar een volledige muzikale ervaring die lang blijft nazinderen.","Regressive Hypnosis has grown into one of Europe’s most active and precise Dream Theater tribute bands. Since their stage debut in 2023, the quintet has impressed audiences with stunning Images & Words shows, and now they present something unique: The Octavarium Concept. Not just an ordinary tribute, but a creative reinterpretation of Dream Theater’s 2005 masterpiece. Instead of playing the album in its entirety, the band constructs a set that follows the famous ascending key changes — from F to F — with carefully selected tracks that bring the circular musical journey to life once more. Expect breathtaking solos, technical perfection, and immersive visuals. For prog fans and newcomers alike, this is not just a concert but a complete musical experience that will resonate long after.",,Yes
Heartland Drive,Belgium's heartbeat of folk rock.,,,,,alternative folk rock,Belgium,"[using festival bio due to a lack of publicly available data] Heartland Drive is an alternative folk rock band from Belgium, with members deeply rooted in the Belgian music scene, having played with renowned acts such as Hooverphonic, Zornik, and Gorki. The band's music has also gained recognition beyond the stage, with tracks featured in award-winning TV shows like *Down The Road* and *Out Of Office*. Critics describe the band's music as an exciting, adventurous sound with audible influences from the likes of Jason Isbell, Bruce Springsteen, and Tom Petty, all legends within the illustrious heartland rock genre hinted at by the band's name.",,,,,,,,,,,,https://bospopfestival.nl/artiest/heartland-drive/,"Heartland Drive is een alternative folkrock band uit België, met leden die diep geworteld zijn in de Belgische muziekscene en hebben gespeeld met gerenommeerde acts als Hooverphonic, Zornik en Gorki. De muziek van de band heeft ook buiten het podium erkenning gekregen, met nummers die te horen zijn in bekroonde tv-programma’s zoals Down The Road en Out Of Office. Door critici wordt de muziek van de band omschreven als een opwindende, avontuurlijke sound met hoorbare invloeden van bijvoorbeeld Jason Isbell, Bruce Springsteen en Tom Petty, allen grootheden binnen het illustere heartland rock genre waar de bandnaam al naar hint.","Heartland Drive is an alternative folk-rock band from Belgium, featuring members deeply rooted in the Belgian music scene who have played with renowned acts such as Hooverphonic, Zornik, and Gorki. The band's music has also gained recognition beyond the stage, with tracks featured in award-winning TV shows like *Down The Road* and *Out Of Office*. Critics describe the band's music as an exciting, adventurous sound with audible influences from artists like Jason Isbell, Bruce Springsteen, and Tom Petty, all legends within the illustrious heartland rock genre hinted at by the band's name.",,Yes
Moby,"Electronic soul, sampled from the heart",,,,,Electronic/Downtempo/Techno,USA,"Moby is an American musician, producer, and DJ known for his pioneering work in electronic music. He gained international fame with his 1999 album 'Play,' which blended electronic beats with samples of traditional folk and blues, and has sold over 20 million records worldwide.",,,,,,"Moby's innovative fusion of electronic music with blues and folk samples, particularly on his groundbreaking album 'Play,' has solidified his reputation as a key figure in the evolution of electronic music. His ability to craft emotionally resonant and genre-defying tracks has earned him critical acclaim and commercial success.",9,,Male,No,,https://bospopfestival.nl/artiest/moby/,"Moby, geboren als Richard Melville Hall in 1965 in Harlem, kreeg zijn bijnaam door zijn familieband met schrijver Herman Melville. Hij begon al op jonge leeftijd met klassieke muziek en vond zijn muzikale identiteit in de New Yorkse punk- en undergroundscene van de jaren ’80. Zijn doorbraak kwam in 1991 met de single ‘Go‘, door Rolling Stone genoemd als een van de beste tracks aller tijden. Sindsdien verkocht hij meer dan 20 miljoen albums wereldwijd. Naast zijn eigen werk produceerde en remixte Moby muziek voor o.a. David Bowie, Public Enemy, Ozzy Osbourne en Daft Punk. Met zijn bedrijf Little Walnut maakt hij bekroonde documentaires zoals Moby Doc en Punk Rock Vegan Movie, en werkt hij aan de speelfilm Tecie (verwacht in 2026).","Moby, born as Richard Melville Hall in 1965 in Harlem, received his nickname due to his family connection to writer Herman Melville. He began studying classical music at a young age and found his musical identity in New York's punk and underground scene of the 1980s. His breakthrough came in 1991 with the single ""Go,"" named by Rolling Stone as one of the greatest tracks of all time. Since then, he has sold over 20 million albums worldwide. In addition to his own work, Moby has produced and remixed music for artists such as David Bowie, Public Enemy, Ozzy Osbourne, and Daft Punk. Through his company Little Walnut, he creates award-winning documentaries like *Moby Doc* and *Punk Rock Vegan Movie*, and he is currently working on the feature film *Tecie* (expected in 2026).",,Yes
ZZ Top,"Texas grit, beards, and blues rock.",,,,,Rock/Blues Rock/Hard Rock,USA,"ZZ Top is a legendary American rock band formed in 1969 in Houston, Texas. Known for their blues-infused rock sound, humorous lyrics, and iconic bearded image, they achieved massive success with albums like 'Eliminator' and hits such as 'Sharp Dressed Man' and 'La Grange'.",,,,,,"ZZ Top's fusion of blues and hard rock, combined with their distinctive image and humorous storytelling, has made them one of the most iconic rock bands in history. Their music is characterized by gritty guitar riffs, groovy rhythms, and a unique Southern charm.",9,3,Male,No,,https://bospopfestival.nl/artiest/zz-top/,"De Amerikaanse rockband ZZ Top staat bekend om hun ruige, door blues gedreven gitaarwerk, bijzondere muziekvideo’s en omarming van hun Texaanse roots, evenals om het kenmerkende gezichtshaar van de muzikanten. Megahits bestaan uit onder andere ‘La Grange’, ‘Sharp Dressed Man’ en ‘Legs’. Met een carrière dat al meerdere decennia stand houdt worden ze beschouwd als een van de meest volhardende en invloedrijke rockbands in de Amerikaanse muziekgeschiedenis. Live klinkt ZZ Top als vanouds strak, swingend en doordrenkt met zuidelijke charme. Met de juiste dosis eenvoud, groove en attitude is een show van ZZ Top gegarandeerd topvermaak.","The American rock band ZZ Top is known for their gritty, blues-driven guitar work, unique music videos, and embrace of their Texan roots, as well as the distinctive facial hair of the musicians. Mega-hits include ""La Grange,"" ""Sharp Dressed Man,"" and ""Legs."" With a career spanning several decades, they are considered one of the most enduring and influential rock bands in American music history. Live, ZZ Top delivers their signature tight, swinging sound infused with Southern charm. With the perfect mix of simplicity, groove, and attitude, a ZZ Top show is guaranteed top-notch entertainment.",,Yes
Kaiser Chiefs,Anthem architects of indie rock.,,,,,Indie Rock/Post-Punk Revival,UK,"Kaiser Chiefs are a British indie rock band from Leeds, known for their energetic performances and catchy anthems. They rose to fame in the mid-2000s with hits like 'I Predict a Riot' and 'Ruby', and have received multiple awards, including a BRIT Award for Best British Group.",,,,,,"Kaiser Chiefs are celebrated for their infectious, sing-along choruses and high-energy blend of indie rock and post-punk revival. Their sound is characterized by driving rhythms, sharp guitar riffs, and charismatic vocals, making them a staple of mid-2000s British rock.",8,5,Male,No,,https://bospopfestival.nl/artiest/kaiser-chiefs/,"Oh My God, I can’t believe it: Kaiser Chiefs komt voor het eerst naar Bospop! Toen Kaiser Chiefs in Leeds in de zomer van 2003 werd gevormd, was het niet hun doel om zalen te vullen en te touren. De vijf Britpop-geobsedeerden hadden het plan om wat geld te verdienen met hun optreden op het Leeds Festival. Dat liep behoorlijk uit de hand, want de band kende vervolgens grote successen in de jaren ’00 met knoeperts van hits als ‘Oh My God’, ‘I Predict a Riot’, ‘Ruby’en ‘Everyday I Love You Less and Less’. De afgelopen 20+ jaar mocht de band dan ook al menig festivalweide platspelen, waaronder Pinkpop, Lowlands, Isle of Wight en Glastonbury. Maar nog nooit Bospop, tot nu!","Oh My God, I can’t believe it: Kaiser Chiefs are coming to Bospop for the first time! When Kaiser Chiefs formed in Leeds in the summer of 2003, their goal wasn’t to fill venues and go on tour. The five Britpop-obsessed members planned to make some money performing at the Leeds Festival. That plan spiraled out of control, as the band went on to achieve massive success in the 2000s with huge hits like ‘Oh My God,’ ‘I Predict a Riot,’ ‘Ruby,’ and ‘Everyday I Love You Less and Less.’ Over the past 20+ years, the band has played countless festival stages flat, including Pinkpop, Lowlands, Isle of Wight, and Glastonbury. But never Bospop—until now!",,Yes
Kensington,Anthemic rock built for arenas.,,,,,Alternative Rock/Indie Rock,Netherlands,"Kensington is a Dutch alternative rock band known for their anthemic sound and powerful live performances. They have achieved significant success in Europe, with multiple chart-topping albums and sold-out shows in major venues.",,,,,,"Kensington's music combines soaring melodies, emotive lyrics, and polished production, making them one of the most prominent alternative rock bands in Europe. Their ability to craft stadium-ready anthems has earned them a dedicated fanbase and critical acclaim.",8,4,Male,No,,https://bospopfestival.nl/artiest/kensington/,"Kensington is een van de weinige acts die bij een wissel van frontman onverminderd populair blijft. De band keerde na een korte pauze ijzersterk terug met zanger James Dowd, én een nieuwe plaat: ‘First Rodeo’, dat al vooraf werd gegaan door meerdere succesvolle singles. Een nieuw hoofdstuk voor Kensington, vol frisse energie en rauwe spark van Dowd, maar met de blijvende vertrouwde kracht van Casper Starreveld, Jan Haker en Niles Vandenberg. ‘First Rodeo’voelt als een hergeboorte: avontuurlijk, gedreven en toch onmiskenbaar Kensington op volle snelheid. De band staat te popelen om weer door Europa te touren, daarbij mag Bospop niet ontbreken!","Kensington is one of the few acts that remains immensely popular despite a change in frontman. After a short break, the band made a powerful comeback with singer James Dowd and a new album: 'First Rodeo', which was preceded by several successful singles. A new chapter for Kensington, full of fresh energy and Dowd's raw spark, yet retaining the familiar strength of Casper Starreveld, Jan Haker, and Niles Vandenberg. 'First Rodeo' feels like a rebirth: adventurous, driven, and unmistakably Kensington at full speed. The band is eager to tour across Europe again, and Bospop is a must on their list!",,Yes
Clouseau,"Belgium’s Heartbeat, Dutch Pop Perfection",,,,,Pop/Rock,Belgium,"Clouseau is a Belgian pop and rock band formed in 1984, known for their catchy melodies and heartfelt lyrics, primarily sung in Dutch. They achieved widespread success in Belgium and the Netherlands with hits like 'Daar Gaat Ze' and 'Anne', and have remained a beloved act in the region for decades.",,,,,,"Clouseau's blend of melodic pop and rock, combined with emotive Dutch lyrics, has made them a cornerstone of Belgian music. Their ability to craft memorable songs has earned them a loyal following in the Benelux region.",8,2,Male,No,,https://bospopfestival.nl/artiest/clouseau/,"De vaandeldragers van de Vlaamse popmuziek keren terug naar Weert! Clouseau werd in 1984 opgericht en scoorde door de jaren heen hits met onder andere ‘Daar Gaat Ze‘, ‘Domino‘, ‘Louise‘ en ‘Nobelprijs‘, waarmee het iconische duo Koen en Kris Wauters een publiek van vele generaties raakt. Clouseau vierde in 2024 op indrukwekkende wijze hun 40-jarig jubileum. Het hoogtepunt was ongetwijfeld hun terugkeer naar het iconische Sportpaleis – ondertussen hernoemd naar AFAS Dome – waar ze maar liefst 14 keer voor een uitverkochte arena speelden. Ze breidden hun record daarmee verder uit: al meer dan 130 keer speelde Clouseau in deze imposante zaal. Na een geweldig optreden op Bospop in 2023 kijken we er naar uit om Clouseau weer te verwelkomen, de band bewijst immers keer op keer waarom ze behoren tot de meest geliefde popacts van de Lage Landen.","The flagbearers of Flemish pop music are returning to Weert! Clouseau, founded in 1984, has scored hits over the years with songs like ‘Daar Gaat Ze,’ ‘Domino,’ ‘Louise,’ and ‘Nobelprijs,’ with which the iconic duo Koen and Kris Wauters have touched audiences across generations. In 2024, Clouseau celebrated their 40th anniversary in an impressive fashion. The highlight was undoubtedly their return to the iconic Sportpaleis – now renamed AFAS Dome – where they performed no less than 14 times to a sold-out arena. This further extended their record: Clouseau has now played in this grand venue over 130 times. After an amazing performance at Bospop in 2023, we look forward to welcoming Clouseau back once more, as the band continues to prove time and again why they are among the most beloved pop acts of the Low Countries.",,Yes
Razorlight,"Anthemic riffs, indie rock revival.",,,,,Indie Rock/Alternative Rock,UK,"Razorlight is a British indie rock band formed in 2002, known for their energetic performances and catchy guitar-driven anthems. They achieved commercial success with hits like 'America' and 'In the Morning' and were a prominent part of the mid-2000s indie rock revival.",,,,,,"Razorlight's sound is characterized by sharp guitar riffs, melodic hooks, and anthemic choruses, making them a standout act of the 2000s indie rock scene. Their music often blends raw energy with introspective lyrics, appealing to fans of bands like The Libertines and Arctic Monkeys.",8,4,Male,No,,https://bospopfestival.nl/artiest/razorlight/,"Razorlight is terug — en hoe. De band begon ooit met optredens op feesten in Londense kraakpanden, en groeide middels grote hits als ‘In The Morning’en ‘America’uit tot een van de meest iconische indierockbands van de UK. Na jaren van omwegen en stilte vond de bekendste line-up (Johnny Borrell, Andy Burrows, Björn Ågren en Carl Dalemo) elkaar opnieuw, en dat hoor je: de vonk is helemaal terug. Met nieuwe tracks, frisse plannen en een live-reputatie die nog steeds ruggen recht trekt, bouwen ze verder aan hun eigen legende. Verwacht catchy hooks, dansbare gitaarlijntjes en een band die met een hernieuwde energie op het podium staat.","Razorlight is back — and how. The band, which started with performances at parties in London squats, grew into one of the UK's most iconic indie rock bands with major hits like 'In The Morning' and 'America.' After years of detours and silence, the most famous lineup (Johnny Borrell, Andy Burrows, Björn Ågren, and Carl Dalemo) reunited, and you can hear it: the spark is fully reignited. With new tracks, fresh plans, and a live reputation that still commands attention, they continue to build their own legend. Expect catchy hooks, danceable guitar riffs, and a band that takes the stage with renewed energy.",,Yes
Triggerfinger,"Riff-fueled thunder, born to blaze.",,,,,Rock/Blues Rock/Stoner Rock,Belgium,"Triggerfinger is a Belgian rock band known for their heavy, riff-driven sound that blends elements of blues rock and stoner rock. They gained international recognition with their stripped-down cover of Lykke Li's 'I Follow Rivers,' which became a hit in several countries.",,,,,,"Triggerfinger's music is characterized by powerful guitar riffs, raw energy, and a blend of bluesy grooves and stoner rock influences. Their live performances are highly regarded for their intensity and precision, solidifying their reputation as one of Belgium's premier rock acts.",8,3,Male,No,,https://bospopfestival.nl/artiest/triggerfinger/,"Triggerfinger is al sinds 1998 de meest stijlvolle rockmachine van de Lage Landen. Het Belgische gezelschap scoorde dikke hits met o.a. ‘Let It Ride’, ‘Cherry’en de verrassende Lykke Li-cover ‘I Follow Rivers’. De band tourt sindsdien door heel Europa en stond op alle grote festivals, van Rock Werchter tot Pinkpop en Lowlands. Verwacht een verfijnde set vol spanning, stijl en vlijmscherpe songs — een optreden dat regelrecht door je ribbenkast heen gaat. En extra mooi nieuws: de band neemt nieuwe muziek naar Weert!","Triggerfinger has been the most stylish rock machine of the Low Countries since 1998. The Belgian group scored major hits with tracks like ""Let It Ride,"" ""Cherry,"" and the surprising Lykke Li cover ""I Follow Rivers."" Since then, the band has toured all over Europe and performed at all the major festivals, from Rock Werchter to Pinkpop and Lowlands. Expect a refined set full of tension, style, and razor-sharp songs — a performance that will cut straight through your ribcage. And even better news: the band is bringing new music to Weert!",,Yes
The Ultimate Eagles,"Timeless Eagles hits, perfectly reborn.",,,,,Rock/Tribute,UK,"The Ultimate Eagles are a UK-based tribute band dedicated to recreating the music of the legendary American rock band, the Eagles. Known for their meticulous attention to detail and live performances, they have gained recognition for their faithful renditions of classic hits like 'Hotel California' and 'Take It Easy.'",,,,,,"The Ultimate Eagles excel at delivering authentic renditions of the Eagles' iconic rock sound, showcasing impressive musicianship and vocal harmonies that capture the essence of the original band. Their live performances are celebrated for their energy and precision, making them a standout act in the tribute band scene.",7,6,Mixed,No,,https://bospopfestival.nl/artiest/the-ultimate-eagles/,"Tijdens een concert van The Ultimate Eagles waan je je in de jaren ’70 in Southern California, de hoogtijdagen van Eagles. De band is in korte tijd uitgegroeid tot één van de meest succesvolle tribute acts ter wereld. Het gezelschap bestaat dan ook niet uit de minste muzikanten, allen hebben ze al ruime ervaring in diverse andere bands. Een show van The Ultimate Eagles is één groot hoogtepunt waarin uiteraard de vele grote hits van Eagles voorbij zullen komen, zoals ‘Lyin’ Eyes’, ‘Take It Easy’en natuurlijk ‘Hotel California’. Kom genieten van dit unieke eerbetoon, de band kan in ieder geval niet wachten om weer op te treden in Nederland.","During a concert by The Ultimate Eagles, you'll find yourself transported to the 1970s in Southern California, the golden era of the Eagles. The band has quickly grown into one of the most successful tribute acts in the world. The group is made up of top-tier musicians, all of whom have extensive experience in various other bands. A show by The Ultimate Eagles is one big highlight, featuring many of the Eagles' greatest hits, such as 'Lyin' Eyes,' 'Take It Easy,' and, of course, 'Hotel California.' Come and enjoy this unique tribute—the band certainly can't wait to perform in the Netherlands again.",,Yes
The Commoners,Blues-fueled rock with soul fire.,,,,,Rock/Blues Rock,Canada,"The Commoners are a Canadian rock band known for their blend of blues-infused rock and soulful melodies, drawing inspiration from classic rock acts while delivering a modern edge. Their music features powerful vocals, dynamic instrumentation, and a focus on storytelling.",,,,,,"The Commoners deliver a compelling mix of blues rock and soulful energy, reminiscent of classic rock legends but with a contemporary twist. Their emotive lyrics and robust sound have earned them a growing reputation in the rock scene.",7,4,Male,No,,https://bospopfestival.nl/artiest/the-commoners/,"Met hun meest recente album ‘Restless’(2024) leveren The Commoners tien nummers vol southern swagger, groovende riffs en soulvolle zang – een sound “uit het eikenhouten vat van een whiskeybarrel”. En dat voor een band die helemaal niet uit het zuiden komt, maar uit Canada! De vijfkoppige groep uit Toronto haalt hoorbaar inspiratie uit The Black Crowes, Led Zeppelin, Allman Brothers en Motown-grooves, maar smeedt daar een eigen vurige stijl van rijke harmonieën, doorleefde vocalen en klassieke rockspirit van nu. Met singles als ‘Devil Teasin’ Me’en ‘Shake You Off’op de Planet Rock-playlist trekt The Commoners overal volle zalen: een band in volle opmars.","With their latest album 'Restless' (2024), The Commoners deliver ten tracks full of southern swagger, grooving riffs, and soulful vocals—a sound ""from the oak barrel of a whiskey cask."" And this from a band that doesn't hail from the South, but from Canada! The five-piece group from Toronto audibly draws inspiration from The Black Crowes, Led Zeppelin, Allman Brothers, and Motown grooves, yet forges their own fiery style of rich harmonies, heartfelt vocals, and a modern classic rock spirit. With singles like 'Devil Teasin’ Me' and 'Shake You Off' on the Planet Rock playlist, The Commoners are packing venues everywhere: a band on the rise.",,Yes
Cooking with Knopfler,"Fingerpicked magic, Knopfler’s spirit reborn.",,,,,,,"[using festival bio due to a lack of publicly available data] Cooking with Knopfler delivers a loving and virtuoso tribute to the timeless music of Mark Knopfler and Dire Straits. The band captures Knopfler's warm guitar tone, subtle dynamics, and masterful storytelling in intricate detail. Expect atmospheric ballads, extended grooves, and of course, that legendary fingerpicking sound. Cooking with Knopfler combines musicianship with passion, performing with a relaxed flair that instantly draws in the audience. A perfect act for fans of pure, honest, and beautifully executed music that comes remarkably close to the original.",,,,,,,,,,,,https://bospopfestival.nl/artiest/cooking-with-knopfler/,"Cooking with Knopfler brengt een liefdevolle én virtuoze ode aan de tijdloze muziek van Mark Knopfler en Dire Straits. De band weet de warme gitaartoon, subtiele dynamiek en meesterlijke storytelling van Knopfler tot in detail te vangen. Verwacht sfeervolle ballads, uitgesponnen grooves en natuurlijk die legendarische fingerpicking-sound. Cooking with Knopfler combineert muzikaliteit met passie en speelt met een ontspannen flair die het publiek direct meeneemt. Een perfecte act voor fans van pure, eerlijke en prachtig uitgevoerde muziek, die akelig dichtbij het origineel komt.","Cooking with Knopfler delivers a loving and virtuoso tribute to the timeless music of Mark Knopfler and Dire Straits. The band captures Knopfler's warm guitar tone, subtle dynamics, and masterful storytelling in exquisite detail. Expect atmospheric ballads, extended grooves, and, of course, that legendary fingerpicking sound. Cooking with Knopfler combines musicality with passion, performing with a relaxed flair that immediately draws the audience in. A perfect act for fans of pure, honest, and beautifully executed music that comes remarkably close to the original.",,Yes
Tribute to TOTO,Reliving TOTO’s timeless magic live.,,,,,,,"[using festival bio due to a lack of publicly available data] With performances of hits like ‘Rosanna,’ ‘Hold The Line,’ and ‘Africa,’ this tribute band delivers an unforgettable show full of musical highlights from TOTO's rich career! In 2024, Tribute to TOTO appeared in season 3 of the TV program ‘The Tribute – Battle of the Bands’ on SBS6. Each week, the band performed a TOTO classic and even had the chance to meet the original TOTO band members. Since then, they can count frontman Steve Lukather among their fans. Tribute to TOTO takes you back to the '80s and '90s, immersing every fan and listener in the story of one of the most popular bands of all time.",,,,,,,,,,,,https://bospopfestival.nl/artiest/tribute-to-toto/,"Met vertolkingen van hits als ‘Rosanna’, ‘Hold The Line’en ‘Africa’bezorgt deze tributeband je een onvergetelijke show vol met muzikale hoogtepunten uit de rijke carrière van TOTO!In 2024 was Tribute to TOTO te zien in seizoen 3 van het tv-programma ‘The Tribute – Battle of the Bands’ op SBS6.Hier speelde de band wekelijks een TOTO-klassieker en mochten de bandleden zelfs de originele TOTO-bandleden ontmoeten. Sindsdien mogen ze frontman Steve Lukather tot hun fanschare rekenen. Tribute to TOTO neemt je mee terug naar de jaren 80 en 90, waarbij ze elke fan en luisteraar zullen meenemen in het verhaal van een van de meest populaire bands ooit.","With performances of hits like 'Rosanna,' 'Hold The Line,' and 'Africa,' this tribute band delivers an unforgettable show filled with musical highlights from TOTO's rich career! In 2024, Tribute to TOTO appeared in season 3 of the TV program 'The Tribute – Battle of the Bands' on SBS6. Each week, the band performed a TOTO classic and even had the chance to meet the original TOTO band members. Since then, they can count frontman Steve Lukather among their fans. Tribute to TOTO takes you back to the '80s and '90s, immersing every fan and listener in the story of one of the most popular bands of all time.",,Yes
Henrik Freischlader,"Blues fire, rock soul unleashed",,,,,Blues/Rock,Germany,"Henrik Freischlader is a German blues-rock guitarist, singer, and songwriter known for his soulful voice and virtuosic guitar playing. He has released numerous albums, blending traditional blues with rock influences, and has gained a reputation for his electrifying live performances.",,,,,,"Henrik Freischlader's music is a masterful blend of blues and rock, characterized by his expressive guitar work and powerful vocals. His ability to channel classic blues influences while maintaining a modern edge has earned him critical acclaim and a dedicated fanbase.",8,,Male,No,,https://bospopfestival.nl/artiest/henrik-freischlader/,"Henrik Freischlader is al jaren een goed bewaard geheim binnen de Europese bluesrock, al heeft hij het podium gedeeld met grootheden als B.B. King, Gary Moore, Peter Green, Joe Bonamassa en de Tedeschi Trucks Band. Na talloze tours is de Duitse gitarist, zanger en multi-instrumentalist niet meer weg te denken uit de internationale bluesscene. Zijn virtuoze, gepassioneerde gitaarspel, rauwe stem en sterke grooves vormen een stijl die meteen herkenbaar is. Sinds 2006 bracht hij 11 studioalbums en 7 livealbums uit op zijn eigen label Cable Car Records — en er staat bijna altijd nieuw werk in de planning. De komende zomer trekt hij richting Bospop: verwacht pure, handgemaakte bluesrock van uitzonderlijk niveau.","Henrik Freischlader has been a well-kept secret in European blues rock for years, despite having shared the stage with legends like B.B. King, Gary Moore, Peter Green, Joe Bonamassa, and the Tedeschi Trucks Band. After countless tours, the German guitarist, singer, and multi-instrumentalist has become an integral part of the international blues scene. His virtuosic, passionate guitar playing, raw voice, and strong grooves create a style that is instantly recognizable. Since 2006, he has released 11 studio albums and 7 live albums on his own label, Cable Car Records — and there’s almost always new work in the pipeline. This coming summer, he’s heading to Bospop: expect pure, handcrafted blues rock of exceptional quality.",,Yes
The K’s,"Anthemic energy, born to ignite.",,,,,Indie Rock/Alternative Rock,UK,"The K’s are a four-piece indie rock band from Earlestown, UK, known for their high-energy performances and anthemic tracks that blend raw guitar riffs with catchy melodies. Since forming in 2017, they have gained a reputation for their dynamic live shows and a growing fanbase across the UK.",,,,,,"The K’s deliver a powerful mix of indie and alternative rock, characterized by punchy guitar-driven anthems and energetic live performances. Their music channels the spirit of classic British rock with a modern edge, resonating strongly with fans of the genre.",8,4,Male,No,,https://bospopfestival.nl/artiest/the-ks/,"The K’s stormen het podium op met de onbevangen energie van een band die nergens bang voor is. Vanuit Earlestown naar de top van de UK-charts: eerst met ‘I Wonder If The World Knows’, daarna met ‘Pretty On The Internet’, dat zelfs een terugkerend Oasis van de nummer 1 stootte. Maar het is live dat The K’s echt onverslaanbaar zijn—250.000 fans in één jaar, mainstages door heel Europa, en een Woodsies-show op Glastonbury die om 12 uur ’s middags al 12.000 man trok. The K’s worden terecht gezien als een van de spannendste Britse bands van nu. Klaar voor nóg een kolkende festivalshow.","The K’s storm onto the stage with the unbridled energy of a band that fears nothing. From Earlestown to the top of the UK charts: first with ‘I Wonder If The World Knows,’ then with ‘Pretty On The Internet,’ which even knocked a returning Oasis off the number one spot. But it’s live where The K’s are truly unbeatable—250,000 fans in one year, main stages across Europe, and a Woodsies show at Glastonbury that drew 12,000 people by noon. The K’s are rightfully regarded as one of the most exciting British bands of the moment. Ready for yet another electrifying festival show.",,Yes
Green Crow Collective,Surrealist rock with chaos to spare,,,,,EuroDada,Belgium,"[using festival bio due to a lack of publicly available data] Green Crow Collective is the kind of band that enters a room and immediately adjusts the oxygen levels: more sweat, more swing, more fun. The quartet, led by Roeland Vandemoortele, serves up EuroDada—a quirky cocktail of rock, Eastern influences, and Belgian surrealism—with the ease of people who have spent a lifetime roaming stages. Violinist Andries Boone, bassist Mathias Moors, and drummer Bert Huysentruyt drive the songs forward as if the amps are permanently set to eleven. ‘Hard Drive Error,’ their debut, is a joyfully derailing caravan full of winks, sharp turns, and musical middle fingers to anything too tame. After a smashing club tour and love from Radio 1 and Radio Willy, one thing is clear: this crow’s nest belongs on every festival stage.",,,,,,,,4,he,,,https://bospopfestival.nl/artiest/green-crow-collective/,"Green Crow Collective is het soort band dat een zaal binnenkomt en meteen het zuurstofgehalte corrigeert: meer zweet, meer swing, meer plezier. Het kwartet rond Roeland Vandemoortele serveert EuroDada—een eigenzinnige cocktail van rock, oosterse invloeden en Belgisch surrealisme—met de vanzelfsprekendheid van mensen die al een heel leven op podia rondzwerven. Violist Andries Boone, bassist Mathias Moors en drummer Bert Huysentruyt stuwen de songs vooruit alsof de versterkers standaard op elf staan. ‘Hard Drive Error’, hun debuut, is een vrolijk ontsporende karavaan vol knipogen, schuine bochten en muzikale middenvingers tegen alles wat te braaf klinkt. Na een knallende clubtour en liefde van Radio 1 en Radio Willy is één ding duidelijk: dit kraaiennest hoort thuis op élk festival.","Green Crow Collective is the kind of band that enters a room and immediately adjusts the oxygen levels: more sweat, more swing, more fun. The quartet, led by Roeland Vandemoortele, serves up EuroDada—a quirky cocktail of rock, Eastern influences, and Belgian surrealism—with the ease of people who’ve spent a lifetime roaming stages. Violinist Andries Boone, bassist Mathias Moors, and drummer Bert Huysentruyt propel the songs forward as if the amplifiers are permanently set to eleven. ‘Hard Drive Error,’ their debut, is a joyfully derailing caravan full of winks, sharp turns, and musical middle fingers to anything too tame. After a smashing club tour and love from Radio 1 and Radio Willy, one thing is clear: this crow’s nest belongs on every festival stage.",,Yes
Lenny Kravitz,"Retro soul, rock’s electric fire.",,,,,Rock/Funk/Soul,USA,"Lenny Kravitz is an American musician, singer, songwriter, and producer known for his unique fusion of rock, funk, soul, and psychedelic influences. Over his career, he has won multiple Grammy Awards and is celebrated for hits like 'Are You Gonna Go My Way' and 'Fly Away,' as well as his dynamic live performances.",,,,,,"Lenny Kravitz's music blends classic rock with funk and soul, creating a retro yet modern sound. His ability to channel influences like Jimi Hendrix and Prince while maintaining his own identity has earned him critical acclaim and a reputation as a dynamic performer.",9,,Male,Yes,,https://bospopfestival.nl/artiest/lenny-kravitz/,"De Amerikaanse muzikant, producer, acteur en fotograaf brak in 1989 door met zijn single ‘Let Love Rule’ en staat sindsdien bekend als een van de meest iconische rocksterren van de jaren ’90. In deze tijd volgen hits als ‘It Ain’t Over ‘Til It’s Over’, ‘Fly Away’, ‘Are You Gonna Go My Way’ en ‘Again’. Zijn unieke sound combineert ‘70’s soul en psychedelische hardrock met zware riffs en een stem die iedereen herkent. Lenny Kravitz staat bekend om zijn enorm strakke rockshows met een flinke bak energie: zie daarbij maar eens stil te blijven staan. Zijn nieuwste album ‘Blue Electric Light’ brengt hem opnieuw naar de grootste podia ter wereld, waaronder Bospop!","The American musician, producer, actor, and photographer broke through in 1989 with his single ""Let Love Rule"" and has since been known as one of the most iconic rock stars of the '90s. During this time, hits like ""It Ain’t Over ‘Til It’s Over,"" ""Fly Away,"" ""Are You Gonna Go My Way,"" and ""Again"" followed. His unique sound combines '70s soul and psychedelic hard rock with heavy riffs and a voice that everyone recognizes. Lenny Kravitz is renowned for his incredibly tight rock shows packed with energy—just try standing still during one. His latest album, ""Blue Electric Light,"" is once again bringing him to the world's biggest stages, including Bospop!",,Yes
Anouk,"Raw power, soul-stirring anthems.",,,,,Rock/Pop,Netherlands,"Anouk is a Dutch singer-songwriter known for her powerful voice and dynamic stage presence. She gained international recognition with her 1997 hit single 'Nobody's Wife' and has since released multiple successful albums blending rock, pop, and soul influences.",,,,,,"Anouk's music is characterized by her raw, emotive vocals and a fusion of rock and pop elements, often accompanied by introspective lyrics. Her ability to deliver both high-energy anthems and heartfelt ballads has solidified her as one of the most prominent artists in the Netherlands.",8,,Female,No,,https://bospopfestival.nl/artiest/anouk/,"Anouk is al jaren een van Nederlands grootste en meest eigenzinnige artiesten. Sinds eind jaren ’90 scoort de Haagse zangeres grote hits met o.a. ‘Nobody’s Wife’, ‘Girl’ en ‘Dominique’. Met haar krachtige stem, compromisloze houding en enorme veelzijdigheid beweegt ze zich moeiteloos tussen rock, soul en pop, zowel in het Engels als in het Nederlands. Dat maakt haar een graag geziene gast op Bospop: dit wordt de achtste keer dat de Haagse superster op het festival staat, en het belooft opnieuw een optreden te worden om reikhalzend naar uit te kijken!","Anouk has been one of the Netherlands' biggest and most distinctive artists for years. Since the late '90s, the Hague-based singer has scored major hits with songs like ""Nobody's Wife,"" ""Girl,"" and ""Dominique."" With her powerful voice, uncompromising attitude, and immense versatility, she effortlessly moves between rock, soul, and pop, both in English and Dutch. This makes her a highly anticipated guest at Bospop: this will be the eighth time the Hague superstar graces the festival, and it promises to be another performance to eagerly look forward to!",,Yes
Counting Crows,Timeless tales in every chord.,,,,,Alternative Rock/Folk Rock,USA,"Counting Crows is an American rock band formed in 1991, known for their introspective lyrics and a blend of alternative rock and folk influences. They achieved widespread success with their debut album 'August and Everything After,' featuring the hit single 'Mr. Jones,' and have remained a prominent name in the rock scene with multiple Grammy and Academy Award nominations.",,,,,,"Counting Crows are celebrated for their emotive storytelling, soulful melodies, and dynamic live performances. Their music combines heartfelt folk-rock with introspective alternative rock, making them a staple of '90s and 2000s rock music.",8,7,Male,No,,https://bospopfestival.nl/artiest/counting-crows/,"De doorbraak van de soulvolle rockband Counting Crows kwam in 1993 met het multiplatina-album ‘August and Everything After‘, met de grote hit ‘Mr. Jones‘. Hierna volgden andere succesvolle nummers als ‘Accidentally In Love‘, ‘Big Yellow Taxi‘ en ‘Round Here‘. ‘Accidentally in Love‘ leverde hen zelfs nominaties op voor een Academy Award, Golden Globe én Grammy. De band bracht onlangs het album ‘Butter Miracle, The Complete Sweets!’uit, wat hen opnieuw wereldwijd uitverkochte zalen opleverde. Counting Crows blijft een van de meest gewaardeerde livebands ter wereld.","The breakthrough of the soulful rock band Counting Crows came in 1993 with the multi-platinum album ‘August and Everything After,’ featuring the major hit ‘Mr. Jones.’ This was followed by other successful tracks like ‘Accidentally In Love,’ ‘Big Yellow Taxi,’ and ‘Round Here.’ ‘Accidentally In Love’ even earned them nominations for an Academy Award, Golden Globe, and Grammy. The band recently released the album ‘Butter Miracle, The Complete Sweets!,’ which once again led to sold-out venues worldwide. Counting Crows remains one of the most highly regarded live bands in the world.",,Yes
Chris Isaak,Velvet voice of vintage heartbreak.,,,,,Rock/Rockabilly,USA,"Chris Isaak is an American musician known for his retro rock-and-roll style, blending elements of rockabilly, country, and pop. He is best known for his hit song 'Wicked Game' and his smooth, crooning vocal style reminiscent of 1950s and 1960s rock icons.",,,,,,"Chris Isaak's music is characterized by a nostalgic blend of rockabilly, country, and pop, with his signature falsetto and emotive delivery drawing comparisons to classic rock-and-roll legends like Roy Orbison and Elvis Presley. His timeless sound and enduring appeal have made him a respected figure in contemporary music.",8,,Male,No,,https://bospopfestival.nl/artiest/chris-isaak/,"In zijn veertigjarige carrière heeft zanger en acteur Chris Isaak wereldwijd voor uitverkochte zalen gestaan, samen met zijn vaste band Silvertone. Hij bracht dertien veelgeprezen studioalbums en twaalf hits uit, en was te zien in films als ‘The Silence of the Lambs‘ en ‘That Thing You Do!‘. Isaak schreef muziek voor soundtracks van onder meer Eyes Wide Shut, True Romance, Wild at Heart en Blue Velvet. Hij had zijn eigen geprezen tv-serie The Chris Isaak Show, was jurylid bij The X Factor Australia en presenteerde The Chris Isaak Hour. In 2024 vierde hij het 35-jarig jubileum van ‘Heart-Shaped World’, met zijn klassieker ‘Wicked Game‘. Onlangs ontving hij een Lifetime Achievement Award van de Americana Honors, ter ere van zijn imposante carrière.","In his forty-year career, singer and actor Chris Isaak has performed to sold-out venues worldwide with his longtime band Silvertone. He has released thirteen critically acclaimed studio albums and twelve hits and appeared in films such as *The Silence of the Lambs* and *That Thing You Do!*. Isaak has composed music for soundtracks including *Eyes Wide Shut*, *True Romance*, *Wild at Heart*, and *Blue Velvet*. He starred in his own acclaimed TV series *The Chris Isaak Show*, served as a judge on *The X Factor Australia*, and hosted *The Chris Isaak Hour*. In 2024, he celebrated the 35th anniversary of *Heart-Shaped World*, featuring his classic hit *Wicked Game*. Recently, he received a Lifetime Achievement Award from the Americana Honors, recognizing his remarkable career.",,Yes
OMD,"Synth-pop pioneers, architects of emotion.",,,,,Synth-pop/New Wave,UK,"Orchestral Manoeuvres in the Dark (OMD) are a pioneering synth-pop band from the UK, formed in 1978 by Andy McCluskey and Paul Humphreys. Known for their innovative use of synthesizers, they achieved critical and commercial success with hits like 'Enola Gay,' 'If You Leave,' and 'Electricity,' becoming one of the most influential bands in the electronic music genre.",,,,,,OMD's groundbreaking fusion of melodic synth-pop and experimental electronic textures helped define the sound of the 1980s. Their ability to balance catchy hooks with avant-garde influences has solidified their status as one of the most important acts in the history of electronic music.,9,2,Male,No,,https://bospopfestival.nl/artiest/omd/,"OMD, het invloedrijke synthpopduo uit Wirral, Engeland, combineerde grote experimentatie met enorme hitkracht op albums als ‘Organisation, Architecture and Morality’en ‘Dazzle Ships’. Met klassiekers als ‘Enola Gay’, ‘Maid of Orleans’en ‘Souvenir’bepaalden ze het geluid van de jaren ‘80. Na hun 40-jarig jubileum keerden ze terug met ‘Bauhaus Staircase’(2023), hun meest politiek geladen en artistiek gedurfde plaat in jaren, waarmee het duo ook in AFAS Live te Amsterdam speelde. Songs van OMD zijn stuk voor stuk brede, elektronische, sonische meesterwerken met songteksten die je bij de lurven grijpen.","OMD, the influential synthpop duo from Wirral, England, combined bold experimentation with massive hit-making ability on albums like ‘Organisation, Architecture and Morality’ and ‘Dazzle Ships.’ With classics such as ‘Enola Gay,’ ‘Maid of Orleans,’ and ‘Souvenir,’ they defined the sound of the 1980s. After celebrating their 40th anniversary, they returned with ‘Bauhaus Staircase’ (2023), their most politically charged and artistically daring album in years, which also brought the duo to perform at AFAS Live in Amsterdam. OMD’s songs are expansive, electronic sonic masterpieces with lyrics that grab you by the throat.",,Yes
Palaye Royale,"Glittering chaos, where punk meets glam.",,,,,Alternative Rock/Glam Rock,Canada,"Palaye Royale is a Canadian-American rock band known for their theatrical performances and a unique blend of glam rock, punk, and alternative influences. Since their debut, they have gained a dedicated fanbase and released multiple albums, including 'Boom Boom Room' and 'The Bastards', showcasing their dramatic style and raw energy.",,,,,,"Palaye Royale combines the flamboyance of glam rock with the raw edge of punk and alternative rock, creating a theatrical and high-energy sound. Their visually striking performances and emotionally charged music have earned them a loyal following and critical attention.",8,3,Male,No,,https://bospopfestival.nl/artiest/palaye-royale/,"Palaye Royale brengt hun onweerstaanbare mix van glamrock, punk en pure chaosenergie naar Bospop! Het electrifying trio uit Los Angeles — broers Remington Leith, Sebastian Danzig en Emerson Barrett — staat bekend om hun heerlijke liveshows waar muziek, mode en rebellie samenkomen. Met hun nieuwste album ‘Death or Glory’laten ze horen dat ze niets meer hoeven te bewijzen: het is hun meest zelfverzekerde én meest feestelijke werk tot nu toe. Verwacht explosieve riffs, euforische refreinen en een band zekerder van hun zaak is dan ooit. Energie, emotie en onvervalst rock ’n roll-plezier.","Palaye Royale brings their irresistible mix of glam rock, punk, and pure chaotic energy to Bospop! The electrifying trio from Los Angeles — brothers Remington Leith, Sebastian Danzig, and Emerson Barrett — are known for their sensational live shows where music, fashion, and rebellion collide. With their latest album ‘Death or Glory,’ they prove they have nothing left to prove: it’s their most confident and celebratory work to date. Expect explosive riffs, euphoric choruses, and a band more self-assured than ever. Energy, emotion, and unadulterated rock ’n roll fun.",,Yes
Fantastic Negrito,Blues reborn with fire and soul,,,,,Blues/Rock/Funk,USA,"Fantastic Negrito is an American musician known for his raw blend of blues, rock, and funk, often addressing social and political issues in his lyrics. He has won multiple Grammy Awards for Best Contemporary Blues Album, showcasing his innovative and soulful approach to modern blues music.",,,,,,"Fantastic Negrito's music combines the grit and storytelling of traditional blues with elements of rock, funk, and soul, creating a powerful and socially conscious sound. His ability to modernize the blues genre while maintaining its emotional depth has earned him critical acclaim and multiple Grammy wins.",9,,Male,Yes,,https://bospopfestival.nl/artiest/fantastic-negrito/,"Fantastic Negrito is een drievoudig GRAMMY-winnaar die blues, roots, rock en funk samenbrengt in een rauwe, revolutionaire sound. Zijn muziek zit vol persoonlijke verhalen over strijd, overleven en veerkracht. Sinds zijn doorbraak met ‘The Last Days of Oakland’groeide hij uit tot een van de meest toonaangevende stemmen binnen de moderne americana- en blueswereld. Met elk album zoekt hij nieuwe grenzen op, zowel muzikaal als thematisch, en blijft hij bewijzen dat rootsmuziek springlevend is.","Fantastic Negrito is a three-time GRAMMY winner who blends blues, roots, rock, and funk into a raw, revolutionary sound. His music is filled with personal stories of struggle, survival, and resilience. Since his breakthrough with ‘The Last Days of Oakland,’ he has become one of the leading voices in the modern Americana and blues world. With each album, he explores new boundaries, both musically and thematically, continually proving that roots music is alive and thriving.",,Yes
The Rumjacks,"Celtic chaos, punk-fueled anthems.",,,,,Celtic Punk/Folk Punk,Australia,"The Rumjacks are an Australian band known for their energetic blend of Celtic punk and folk influences, combining traditional Irish instrumentation with punk rock energy. They gained international recognition with their breakout hit 'An Irish Pub Song' and have built a strong reputation for their dynamic live performances.",,,,,,"The Rumjacks' fusion of traditional Celtic melodies with punk rock creates a high-energy, infectious sound that has resonated with fans worldwide. Their ability to combine raucous pub anthems with heartfelt storytelling has made them a standout in the folk-punk genre.",8,5,Male,No,,https://bospopfestival.nl/artiest/the-rumjacks/,"The Rumjacks werden in 2008 opgericht in Sydney en combineren punkrock met invloeden uit de traditionele folk. Na hun beginjaren in Australië verhuisde de band in 2016 naar Europa om intensief te touren, wat sindsdien heeft geleid tot optredens op talloze festivals en in zalen door heel Europa en het Verenigd Koninkrijk. Met nummers als ‘An Irish Pub Song’verwierf de groep een grote internationale achterban en een vaste plek binnen de Celtic punk–scene. The Rumjacks staan bekend om optredens die veel publiek trekken en waarin de nadruk ligt op samenzang, tempo en een sterke livesetting. Hun shows toveren iedere festivalweide om tot een Ierse pub: perfect voor de heilige grassen van Bospop!","The Rumjacks were formed in Sydney in 2008 and combine punk rock with influences from traditional folk. After their early years in Australia, the band relocated to Europe in 2016 to tour extensively, which has since led to performances at countless festivals and venues across Europe and the United Kingdom. With tracks like ‘An Irish Pub Song,’ the group gained a large international following and secured a permanent spot within the Celtic punk scene. The Rumjacks are known for their crowd-pulling performances, emphasizing sing-alongs, high energy, and a powerful live presence. Their shows transform every festival field into an Irish pub: perfect for the sacred grounds of Bospop!",,Yes
The Fatal Flowers,Amsterdam's electric new wave renegades,,,,,Rock/New Wave,Netherlands,"The Fatal Flowers were a Dutch rock band formed in Amsterdam in 1984, known for their blend of rock and new wave influences. They achieved critical acclaim in the Netherlands during the 1980s and are remembered for their energetic live performances and albums like 'Younger Days' and 'Johnny D. Is Back!'",,,,,,The Fatal Flowers combined rock and new wave elements to create a distinctive sound that resonated in the Dutch music scene of the 1980s. Their dynamic live shows and well-received albums established them as a significant band in the Netherlands during their active years.,7,4,Male,No,,https://bospopfestival.nl/artiest/the-fatal-flowers/,"The Fatal Flowers zijn terug!The Fatal Flowers gelden als een van de belangrijkste Nederlandse rockbands van de jaren ’80. Ontstaan in 1984 uit de Amsterdamse punkscene groeide de groep rond Richard Janssen en Henk Jonkers uit tot een toonaangevende gitaarband binnen de zogeheten ‘Amsterdamse School’. Ze bouwden een sterke live reputatie op, stonden ze in 1987 op Pinkpop en ontvingen ze een Edison. ‘Pleasure Ground’(1990) bevestigde hun status als de meest invloedrijke Nederlandse rockband van hun tijd. Hoewel de groep in 1990 uiteenviel, worden hun nummers nog altijd veel geluisterd. Dan kruipt het bloed natuurlijk waar het niet gaan kan, dus zo af en toe steken The Fatal Flowers de koppen weer bij elkaar. En dat gaat nu gebeuren op Bospop!","The Fatal Flowers are back! The Fatal Flowers are considered one of the most important Dutch rock bands of the 1980s. Emerging in 1984 from the Amsterdam punk scene, the group, led by Richard Janssen and Henk Jonkers, grew into a leading guitar band within the so-called 'Amsterdam School.' They built a strong live reputation, performed at Pinkpop in 1987, and received an Edison award. Their album 'Pleasure Ground' (1990) cemented their status as the most influential Dutch rock band of their time. Although the group disbanded in 1990, their songs are still widely listened to. And as the saying goes, old habits die hard, so every now and then, The Fatal Flowers reunite. And now it's happening again at Bospop!",,Yes
Goodbye June,"Southern rock revival, electrified and raw.",,,,,Rock/Blues Rock/Southern Rock,USA,"Goodbye June is a Nashville-based rock band known for their high-energy blend of Southern rock, blues, and hard rock. They have gained recognition for their powerful vocals, gritty guitar riffs, and dynamic live performances, with albums like 'Magic Valley' and 'Community Inn' showcasing their modern take on classic rock influences.",,,,,,"Goodbye June delivers a raw and electrifying sound that fuses Southern rock with blues and hard rock, drawing comparisons to bands like Kings of Leon and Lynyrd Skynyrd. Their music is characterized by soulful vocals, anthemic choruses, and a vibrant stage presence.",8,3,Male,No,,https://bospopfestival.nl/artiest/goodbye-june/,"Goodbye June combineert rauwe hardrockriffs met southern blues en gospel-invloeden, gedreven door de wens tijdloze, levenslustige rockanthems te maken. De drie neven startten de band na het verlies van leadgitarist Tyler’s broer in juni, vastbesloten zijn herinnering te eren. Sinds hun debuut ‘Magic Valley’kreeg de band lovende woorden van het toonaangevende muziekblad Rolling Stone, leverden ze muziek voor grote merken als Budweiser en WWE, en tourden ze met Greta Van Fleet en ZZ Top. Met meer dan 110 miljoen Spotify-streams en plaatsingen bij ESPN, NFL, NHL en games als Need for Speed en Madden, brak Goodbye June definitief door. Hun album ‘See Where the Night Goes’behaalde een #1-positie in de UK Rock Chart, gevolgd door het 2024-album ‘Deep in the Trouble’.","Goodbye June combines raw hard rock riffs with southern blues and gospel influences, driven by the desire to create timeless, spirited rock anthems. The three cousins formed the band after the loss of lead guitarist Tyler's brother in June, determined to honor his memory. Since their debut album 'Magic Valley,' the band has received praise from the renowned music magazine Rolling Stone, provided music for major brands like Budweiser and WWE, and toured with Greta Van Fleet and ZZ Top. With over 110 million Spotify streams and features on ESPN, NFL, NHL, and games like Need for Speed and Madden, Goodbye June has firmly established themselves. Their album 'See Where the Night Goes' reached the #1 spot on the UK Rock Chart, followed by the 2024 album 'Deep in the Trouble.'",,Yes
Grace Bowers,Nashville’s Guitar Heroine in Bloom,,,,,,United States,"[using festival bio due to a lack of publicly available data] Grace Bowers is a young guitarist, songwriter, and bandleader who is rapidly becoming one of the most celebrated new talents. Her debut album, ‘Wine On Venus,’ produced by John Osborne, was praised by outlets such as Forbes and Rolling Stone, which hailed her as “Nashville’s new guitar hero.” Bowers rose to fame when her guitar groove videos went viral during the COVID-19 pandemic, becoming an inspiration for a new generation of female musicians. She has performed at the Grammy Awards, Love Rocks NYC, and on talk shows like Jimmy Kimmel Live! and CBS Mornings, and has toured with the likes of Gary Clark Jr. and Slash. In 2024, she was named Instrumentalist of the Year and made her Grand Ole Opry debut — a rising star in full flight.",,,,,,,,,Female,,,https://bospopfestival.nl/artiest/grace-bowers-hodge-podge/,"Grace Bowers is een piepjonge gitarist, songwriter en bandleider die in razend tempo uitgroeit tot een van de meest gevierde nieuwe talenten. Haar debuutalbum ‘Wine On Venus’, geproduceerd door John Osborne, werd geprezen door onder meer Forbes en Rolling Stone, dat haar uitriep tot “Nashville’s new guitar hero.” Bowers brak door toen haar gitaargroove-video’s tijdens de coronapandemie viraal gingen en groeide uit tot een inspiratie voor een nieuwe generatie vrouwelijke muzikanten. Ze trad op bij de Grammy Awards, Love Rocks NYC en in talkshows als Jimmy Kimmel Live! en CBS Mornings, en tourde met o.a. Gary Clark Jr. en Slash. In 2024 werd ze Instrumentalist of the Year en maakte ze haar Grand Ole Opry-debuut — een nieuwe ster in volle vlucht.","Grace Bowers is a young guitarist, songwriter, and bandleader who is rapidly becoming one of the most celebrated new talents. Her debut album, ‘Wine On Venus,’ produced by John Osborne, was praised by outlets such as Forbes and Rolling Stone, which hailed her as “Nashville’s new guitar hero.” Bowers broke through when her guitar groove videos went viral during the pandemic, becoming an inspiration for a new generation of female musicians. She has performed at the Grammy Awards, Love Rocks NYC, and on talk shows like Jimmy Kimmel Live! and CBS Mornings, and has toured with the likes of Gary Clark Jr. and Slash. In 2024, she was named Instrumentalist of the Year and made her Grand Ole Opry debut — a rising star in full flight.",,Yes
Jesper Lindell,Soulful storyteller with a rock edge,,,,,Soul/Rock,Sweden,"Jesper Lindell is a Swedish singer-songwriter known for his soulful voice and a music style that blends elements of soul, rock, and Americana. He gained recognition with his debut EP 'Little Less Blue' and has been praised for his heartfelt songwriting and captivating live performances.",,,,,,"Jesper Lindell's music combines the emotional depth of soul with the raw energy of rock and Americana, creating a sound that is both timeless and deeply personal. His ability to convey vulnerability and passion through his vocals has earned him critical acclaim.",8,,Male,No,,https://bospopfestival.nl/artiest/jesper-lindell/,"De Zweedse singer-songwriter Jesper Lindell lag op koers om profvoetballer te worden, totdat hij op 13-jarige leeftijd zijn been brak en tijdelijk gebonden was aan zijn slaapkamer en een rolstoel. Bovendien lijdt hij aan een nierziekte, die zijn gezondheid verder in gevaar bracht. In een poging hem op te vrolijken gaf zijn broer hem een akoestische gitaar, een gebaar dat zijn leven voorgoed veranderde. Inmiddels heeft Lindell drie albums op zijn naam staan, waarvan de nieuwste, ‘Before The Sun’uit 2024, zeer lovend werd ontvangen. Hij maakt rootsmuziek met soul, folk en country invloeden, waarin hij met zijn compromisloze visie zingt over de omstandigheden die hij heeft doorstaan.","The Swedish singer-songwriter Jesper Lindell was on track to become a professional football player until, at the age of 13, he broke his leg and was temporarily confined to his bedroom and a wheelchair. Additionally, he suffers from a kidney disease that further endangered his health. In an effort to cheer him up, his brother gave him an acoustic guitar, a gesture that changed his life forever. Lindell has since released three albums, the latest of which, *Before The Sun* (2024), received critical acclaim. He creates roots music with influences of soul, folk, and country, singing with an uncompromising vision about the challenges he has endured.",,Yes
D.K. Harrell,"Ruston’s Blues Soul, Reborn.",,,,,Blues,USA,"D.K. Harrell is a blues guitarist and vocalist from Ruston, Louisiana, known for his mastery of traditional blues styles and his ability to channel the spirit of legends like B.B. King while adding his own modern touch. He has gained recognition for his soulful performances and dedication to preserving the blues tradition.",,,,,,"D.K. Harrell's music is deeply rooted in traditional blues, with a focus on emotive guitar work and heartfelt vocals that pay homage to the genre's pioneers. His ability to blend classic blues influences with his own contemporary flair has earned him praise as a rising star in the blues scene.",8,,Male,Yes,,https://bospopfestival.nl/artiest/d-k-harrell/,"De Amerikaanse blueszanger en -gitarist D.K. Harrell pakte op zijn elfde eerst de mondharmonica op en begon een paar jaar later op gitaar. Hij stortte zich volledig in de muziek van B.B. King. In 2019 scoorde hij zijn eerste betaalde optreden als muzikant op een symposium in het B.B. King-museum, waar hij zelfs op The Kings geliefde Gibson ‘Lucille’-gitaar mocht spelen. Sindsdien stoomde Harrell keihard door. Zijn debuutalbum ‘The Right Man’kreeg in 2023 jubelende recensies en in 2024 werd hij geëerd als Beste Nieuwe Artiest bij de prestigieuze Blues Music Awards. Bij D.K. Harrell is de toekomst van de blues in uitstekende handen.","The American blues singer and guitarist D.K. Harrell first picked up the harmonica at the age of eleven and started playing guitar a few years later. He immersed himself completely in the music of B.B. King. In 2019, he landed his first paid gig as a musician at a symposium at the B.B. King Museum, where he even had the honor of playing on The King's beloved Gibson 'Lucille' guitar. Since then, Harrell has forged ahead with determination. His debut album, *The Right Man*, received rave reviews in 2023, and in 2024 he was honored as Best New Artist at the prestigious Blues Music Awards. With D.K. Harrell, the future of blues is in excellent hands.",,Yes
Dawn Brothers,"Vintage grooves, modern soul revival.",,,,,Rock/Soul,Netherlands,"Dawn Brothers are a Dutch band known for their blend of rock and soul, drawing inspiration from the sounds of the 60s and 70s. Their music combines groovy rhythms, rich harmonies, and a vintage aesthetic, earning them recognition in the European music scene.",,,,,,"Dawn Brothers deliver a nostalgic yet fresh take on classic rock and soul, reminiscent of legendary acts like The Band and Creedence Clearwater Revival. Their dynamic live performances and retro-inspired sound have made them a standout in the modern roots rock revival.",8,4,Male,No,,https://bospopfestival.nl/artiest/dawn-brothers/,"Dawn Brothers is wars van poespas en sinds jaar en dag een band om op te bouwen. Het Rotterdamse viertal live zien is vakmanschap bewonderen – een makelij van folkrock, blues en soul waar je geen speld tussen kunt krijgen. Verwacht geen grootse meezingmomenten of podiumkapriolen. Dawn Brothers is als een puntgaaf meubel, uit pure liefde voor muziek gehouwen. Dat geldt evengoed voor het nieuwe studioalbum ‘Cry Alone’, waarop de heren onverminderd no-nonsense nieuwe technieken aanboren en hun gepeperde americana-sound net wat donkerder doen klinken. Bij Dawn Brothers is er namelijk altijd ruimte voor experiment, en nieuwe thema’s en gevoelens, zowel op plaat als op de planken.","Dawn Brothers is devoid of frills and has long been a band you can rely on. Watching the Rotterdam quartet live is to admire craftsmanship – a creation of folk rock, blues, and soul that leaves no room for doubt. Don’t expect grand sing-along moments or flashy stage antics. Dawn Brothers is like a flawless piece of furniture, crafted out of pure love for music. The same goes for their new studio album ‘Cry Alone,’ where the band continues to explore no-nonsense new techniques and gives their spicy Americana sound a slightly darker edge. With Dawn Brothers, there is always room for experimentation, new themes, and emotions, both on record and on stage.",,Yes
